{"stats":{"minecraft:dropped":{"minecraft:iron_ingot":16,"minecraft:chiseled_polished_blackstone":3,"minecraft:blackstone":64,"minecraft:soul_sand":21,"minecraft:wheat_seeds":2,"minecraft:rotten_flesh":1,"minecraft:leather":16,"minecraft:coal":6,"minecraft:flint_and_steel":1,"minecraft:diamond_pickaxe":1,"minecraft:potion":1,"minecraft:fire_charge":2,"minecraft:polished_blackstone_bricks":4,"minecraft:crying_obsidian":3,"minecraft:quartz":26,"minecraft:netherrack":62,"minecraft:gold_ingot":334},"minecraft:used":{"minecraft:stone_shovel":15,"minecraft:stone_pickaxe":76,"minecraft:oak_planks":1,"minecraft:blackstone":16,"minecraft:shield":4,"minecraft:wooden_pickaxe":3,"minecraft:iron_sword":64,"minecraft:stone_hoe":19,"minecraft:netherrack":79,"minecraft:polished_blackstone_bricks":7,"minecraft:gilded_blackstone":1,"minecraft:soul_sand":7,"minecraft:dirt":12,"minecraft:crafting_table":5,"minecraft:cracked_polished_blackstone_bricks":4,"minecraft:chicken":1,"minecraft:bread":18,"minecraft:iron_pickaxe":249,"minecraft:crimson_planks":2,"minecraft:stone_axe":7,"minecraft:pink_petals":3,"minecraft:fire_charge":1,"minecraft:golden_carrot":1,"minecraft:cobblestone":4,"minecraft:furnace":6,"minecraft:cobbled_deepslate":2},"minecraft:custom":{"minecraft:interact_with_furnace":39,"minecraft:mob_kills":7,"minecraft:interact_with_crafting_table":24,"minecraft:time_since_death":55965,"minecraft:climb_one_cm":538,"minecraft:time_since_rest":55965,"minecraft:sprint_one_cm":96526,"minecraft:damage_taken":845,"minecraft:walk_one_cm":118556,"minecraft:damage_blocked_by_shield":115,"minecraft:drop":91,"minecraft:damage_dealt":1942,"minecraft:swim_one_cm":1787,"minecraft:fly_one_cm":167582,"minecraft:open_chest":9,"minecraft:crouch_one_cm":20279,"minecraft:play_time":55965,"minecraft:sneak_time":7470,"minecraft:walk_under_water_one_cm":543,"minecraft:jump":1591,"minecraft:walk_on_water_one_cm":4167,"minecraft:total_world_time":55965,"minecraft:fall_one_cm":33575},"minecraft:mined":{"minecraft:nether_gold_ore":33,"minecraft:blackstone":32,"minecraft:crimson_nylium":9,"minecraft:powder_snow":16,"minecraft:crafting_table":3,"minecraft:chiseled_polished_blackstone":3,"minecraft:short_grass":9,"minecraft:grass_block":3,"minecraft:crimson_roots":6,"minecraft:cracked_polished_blackstone_bricks":11,"minecraft:weeping_vines":1,"minecraft:cobblestone":2,"minecraft:gilded_blackstone":4,"minecraft:crimson_stem":3,"minecraft:pink_petals":1,"minecraft:hay_block":17,"minecraft:polished_blackstone_bricks":27,"minecraft:furnace":5,"minecraft:nether_wart_block":2,"minecraft:fire":1,"minecraft:iron_ore":21,"minecraft:oak_log":5,"minecraft:coal_ore":20,"minecraft:dirt_path":8,"minecraft:gravel":15,"minecraft:dirt":1,"minecraft:stone":33,"minecraft:netherrack":117,"minecraft:deepslate":1},"minecraft:picked_up":{"minecraft:pink_petals":3,"minecraft:crafting_table":3,"minecraft:feather":1,"minecraft:chicken":1,"minecraft:crimson_stem":3,"minecraft:leather":18,"minecraft:potion":1,"minecraft:flint":2,"minecraft:gilded_blackstone":1,"minecraft:nether_brick":15,"minecraft:oak_log":5,"minecraft:string":31,"minecraft:dirt":12,"minecraft:lantern":1,"minecraft:bone":2,"minecraft:blackstone":128,"minecraft:apple":1,"minecraft:wheat_seeds":2,"minecraft:gold_nugget":134,"minecraft:cobbled_deepslate":2,"minecraft:iron_ingot":1,"minecraft:iron_nugget":33,"minecraft:soul_sand":34,"minecraft:furnace":5,"minecraft:raw_iron":45,"minecraft:chiseled_polished_blackstone":3,"minecraft:fire_charge":4,"minecraft:quartz":26,"minecraft:gravel":40,"minecraft:polished_blackstone_bricks":11,"minecraft:porkchop":3,"minecraft:crying_obsidian":3,"minecraft:spectral_arrow":22,"minecraft:rotten_flesh":1,"minecraft:cracked_polished_blackstone_bricks":4,"minecraft:hay_block":17,"minecraft:gold_ingot":308,"minecraft:bread":79,"minecraft:obsidian":8,"minecraft:netherrack":149,"minecraft:coal":42,"minecraft:diamond_pickaxe":1,"minecraft:crimson_roots":4,"minecraft:cobblestone":37,"minecraft:ender_pearl":11},"minecraft:crafted":{"minecraft:oak_planks":20,"minecraft:crimson_planks":12,"minecraft:stone_shovel":1,"minecraft:crafting_table":3,"minecraft:iron_helmet":1,"minecraft:wooden_pickaxe":1,"minecraft:iron_sword":1,"minecraft:furnace":3,"minecraft:stone_axe":1,"minecraft:air":0,"minecraft:flint_and_steel":1,"minecraft:iron_chestplate":1,"minecraft:shield":1,"minecraft:stick":16,"minecraft:iron_ingot":42,"minecraft:iron_pickaxe":1,"minecraft:stone_pickaxe":1,"minecraft:gold_ingot":24,"minecraft:iron_leggings":1,"minecraft:stone_hoe":1,"minecraft:golden_boots":1},"minecraft:killed":{"minecraft:piglin":2,"minecraft:hoglin":1,"minecraft:zombie":1,"minecraft:chicken":1,"minecraft:piglin_brute":1}},"DataVersion":3953}