{"stats":{"minecraft:killed_by":{"minecraft:blaze":1},"minecraft:dropped":{"minecraft:iron_ingot":16,"minecraft:soul_sand":21,"minecraft:wheat_seeds":2,"minecraft:crafting_table":1,"minecraft:leather":16,"minecraft:coal":6,"minecraft:golden_carrot":2,"minecraft:fire_charge":2,"minecraft:potion":1,"minecraft:polished_blackstone_bricks":7,"minecraft:gold_ingot":454,"minecraft:chiseled_polished_blackstone":3,"minecraft:blackstone":100,"minecraft:rotten_flesh":1,"minecraft:flint_and_steel":1,"minecraft:diamond_pickaxe":1,"minecraft:crying_obsidian":3,"minecraft:quartz":26,"minecraft:netherrack":62},"minecraft:broken":{"minecraft:iron_pickaxe":1},"minecraft:used":{"minecraft:stone_shovel":15,"minecraft:shield":14,"minecraft:iron_sword":124,"minecraft:stone_hoe":19,"minecraft:netherrack":89,"minecraft:dirt":12,"minecraft:soul_sand":7,"minecraft:crimson_planks":2,"minecraft:golden_carrot":7,"minecraft:furnace":6,"minecraft:cobbled_deepslate":2,"minecraft:iron_leggings":1,"minecraft:stone_pickaxe":76,"minecraft:oak_planks":1,"minecraft:blackstone":69,"minecraft:wooden_pickaxe":3,"minecraft:polished_blackstone_bricks":7,"minecraft:gilded_blackstone":1,"minecraft:crafting_table":5,"minecraft:diamond_pickaxe":15,"minecraft:cracked_polished_blackstone_bricks":4,"minecraft:chicken":1,"minecraft:bread":21,"minecraft:iron_pickaxe":250,"minecraft:gravel":9,"minecraft:stone_axe":7,"minecraft:pink_petals":3,"minecraft:fire_charge":1,"minecraft:cobblestone":4},"minecraft:custom":{"minecraft:mob_kills":12,"minecraft:interact_with_crafting_table":24,"minecraft:time_since_death":2932,"minecraft:climb_one_cm":538,"minecraft:sprint_one_cm":116714,"minecraft:walk_one_cm":145917,"minecraft:damage_blocked_by_shield":495,"minecraft:drop":120,"minecraft:play_time":67965,"minecraft:deaths":1,"minecraft:sneak_time":8680,"minecraft:walk_under_water_one_cm":543,"minecraft:jump":2025,"minecraft:walk_on_water_one_cm":4167,"minecraft:total_world_time":67965,"minecraft:interact_with_furnace":39,"minecraft:time_since_rest":2959,"minecraft:damage_taken":1970,"minecraft:damage_dealt":3739,"minecraft:swim_one_cm":1787,"minecraft:fly_one_cm":196630,"minecraft:open_chest":9,"minecraft:crouch_one_cm":23203,"minecraft:fall_one_cm":46783},"minecraft:mined":{"minecraft:nether_gold_ore":33,"minecraft:chiseled_polished_blackstone":3,"minecraft:grass_block":3,"minecraft:crimson_roots":6,"minecraft:cracked_polished_blackstone_bricks":12,"minecraft:weeping_vines":1,"minecraft:red_mushroom":1,"minecraft:crimson_stem":3,"minecraft:gilded_blackstone":4,"minecraft:hay_block":17,"minecraft:polished_blackstone_bricks":30,"minecraft:furnace":5,"minecraft:iron_ore":21,"minecraft:fire":10,"minecraft:nether_brick_fence":1,"minecraft:dirt_path":8,"minecraft:stone":33,"minecraft:blackstone":36,"minecraft:crimson_nylium":13,"minecraft:powder_snow":16,"minecraft:crafting_table":3,"minecraft:short_grass":9,"minecraft:cobblestone":2,"minecraft:pink_petals":1,"minecraft:nether_wart_block":2,"minecraft:coal_ore":20,"minecraft:oak_log":5,"minecraft:gravel":15,"minecraft:dirt":1,"minecraft:netherrack":120,"minecraft:deepslate":1},"minecraft:picked_up":{"minecraft:crafting_table":3,"minecraft:iron_chestplate":1,"minecraft:chicken":1,"minecraft:wooden_pickaxe":1,"minecraft:potion":1,"minecraft:enchanted_book":3,"minecraft:gilded_blackstone":1,"minecraft:nether_brick":60,"minecraft:shield":1,"minecraft:string":84,"minecraft:iron_leggings":1,"minecraft:blackstone":214,"minecraft:gold_nugget":134,"minecraft:cobbled_deepslate":2,"minecraft:iron_nugget":97,"minecraft:furnace":7,"minecraft:stick":3,"minecraft:raw_iron":45,"minecraft:fire_charge":9,"minecraft:porkchop":6,"minecraft:polished_blackstone_bricks":14,"minecraft:rotten_flesh":1,"minecraft:stone_shovel":1,"minecraft:hay_block":34,"minecraft:gold_ingot":386,"minecraft:blaze_rod":4,"minecraft:obsidian":28,"minecraft:cobblestone":37,"minecraft:pink_petals":3,"minecraft:feather":2,"minecraft:golden_carrot":10,"minecraft:crimson_stem":3,"minecraft:leather":28,"minecraft:red_mushroom":1,"minecraft:flint":3,"minecraft:oak_log":5,"minecraft:golden_boots":1,"minecraft:dirt":12,"minecraft:lantern":2,"minecraft:bone":2,"minecraft:apple":2,"minecraft:wheat_seeds":2,"minecraft:iron_ingot":1,"minecraft:stone_pickaxe":1,"minecraft:iron_sword":2,"minecraft:soul_sand":44,"minecraft:chiseled_polished_blackstone":3,"minecraft:quartz":26,"minecraft:gravel":125,"minecraft:crying_obsidian":3,"minecraft:spectral_arrow":78,"minecraft:stone_axe":1,"minecraft:cracked_polished_blackstone_bricks":4,"minecraft:iron_helmet":1,"minecraft:golden_apple":1,"minecraft:bread":137,"minecraft:netherrack":173,"minecraft:coal":54,"minecraft:crimson_roots":4,"minecraft:ender_pearl":30,"minecraft:diamond_pickaxe":2},"minecraft:crafted":{"minecraft:oak_planks":20,"minecraft:stone_shovel":1,"minecraft:blaze_powder":4,"minecraft:furnace":3,"minecraft:flint_and_steel":1,"minecraft:stone_pickaxe":1,"minecraft:stone_hoe":1,"minecraft:golden_boots":1,"minecraft:crimson_planks":12,"minecraft:crafting_table":3,"minecraft:wooden_pickaxe":1,"minecraft:iron_helmet":1,"minecraft:iron_sword":1,"minecraft:stone_axe":1,"minecraft:air":0,"minecraft:iron_chestplate":1,"minecraft:shield":1,"minecraft:stick":16,"minecraft:iron_ingot":42,"minecraft:iron_pickaxe":1,"minecraft:iron_leggings":1,"minecraft:gold_ingot":24},"minecraft:killed":{"minecraft:chicken":1,"minecraft:piglin_brute":1,"minecraft:piglin":2,"minecraft:hoglin":1,"minecraft:zombie":1,"minecraft:blaze":5}},"DataVersion":3953}