{"stats":{"minecraft:dropped":{"minecraft:wheat_seeds":1},"minecraft:used":{"minecraft:pink_petals":3,"minecraft:dirt":4,"minecraft:chicken":1,"minecraft:bread":3},"minecraft:mined":{"minecraft:pink_petals":1,"minecraft:grass_block":3,"minecraft:dirt":1,"minecraft:powder_snow":16},"minecraft:custom":{"minecraft:time_since_rest":7965,"minecraft:play_time":7965,"minecraft:crouch_one_cm":1000,"minecraft:sprint_one_cm":20125,"minecraft:damage_taken":155,"minecraft:walk_one_cm":12197,"minecraft:sneak_time":751,"minecraft:walk_under_water_one_cm":543,"minecraft:mob_kills":1,"minecraft:drop":1,"minecraft:jump":357,"minecraft:damage_dealt":40,"minecraft:walk_on_water_one_cm":205,"minecraft:time_since_death":7965,"minecraft:total_world_time":7965,"minecraft:swim_one_cm":1787,"minecraft:fall_one_cm":6817,"minecraft:fly_one_cm":52265},"minecraft:picked_up":{"minecraft:bone":2,"minecraft:pink_petals":3,"minecraft:feather":1,"minecraft:chicken":1,"minecraft:wheat_seeds":1,"minecraft:bread":35,"minecraft:string":1,"minecraft:dirt":4},"minecraft:killed":{"minecraft:chicken":1}},"DataVersion":3953}