{"stats":{"minecraft:dropped":{"minecraft:iron_ingot":16,"minecraft:wheat_seeds":2,"minecraft:rotten_flesh":1,"minecraft:leather":12,"minecraft:flint_and_steel":1,"minecraft:crying_obsidian":3,"minecraft:netherrack":7,"minecraft:gold_ingot":29},"minecraft:used":{"minecraft:stone_shovel":15,"minecraft:stone_pickaxe":76,"minecraft:oak_planks":1,"minecraft:shield":3,"minecraft:wooden_pickaxe":3,"minecraft:iron_sword":30,"minecraft:stone_hoe":17,"minecraft:netherrack":68,"minecraft:polished_blackstone_bricks":7,"minecraft:gilded_blackstone":1,"minecraft:dirt":12,"minecraft:crafting_table":5,"minecraft:cracked_polished_blackstone_bricks":4,"minecraft:chicken":1,"minecraft:bread":12,"minecraft:iron_pickaxe":199,"minecraft:crimson_planks":2,"minecraft:stone_axe":6,"minecraft:pink_petals":3,"minecraft:cobblestone":4,"minecraft:furnace":6,"minecraft:cobbled_deepslate":2},"minecraft:custom":{"minecraft:interact_with_furnace":39,"minecraft:mob_kills":3,"minecraft:interact_with_crafting_table":24,"minecraft:time_since_death":43965,"minecraft:climb_one_cm":538,"minecraft:time_since_rest":43965,"minecraft:sprint_one_cm":73194,"minecraft:damage_taken":496,"minecraft:walk_one_cm":85952,"minecraft:damage_blocked_by_shield":85,"minecraft:drop":37,"minecraft:damage_dealt":841,"minecraft:swim_one_cm":1787,"minecraft:fly_one_cm":144575,"minecraft:open_chest":7,"minecraft:crouch_one_cm":18103,"minecraft:play_time":43965,"minecraft:sneak_time":6434,"minecraft:walk_under_water_one_cm":543,"minecraft:jump":1225,"minecraft:walk_on_water_one_cm":4167,"minecraft:total_world_time":43965,"minecraft:fall_one_cm":23995},"minecraft:mined":{"minecraft:nether_gold_ore":33,"minecraft:blackstone":24,"minecraft:crimson_nylium":3,"minecraft:powder_snow":16,"minecraft:crafting_table":3,"minecraft:short_grass":9,"minecraft:grass_block":3,"minecraft:crimson_roots":6,"minecraft:cracked_polished_blackstone_bricks":6,"minecraft:cobblestone":2,"minecraft:gilded_blackstone":4,"minecraft:crimson_stem":3,"minecraft:pink_petals":1,"minecraft:hay_block":17,"minecraft:polished_blackstone_bricks":27,"minecraft:furnace":5,"minecraft:iron_ore":21,"minecraft:oak_log":5,"minecraft:coal_ore":20,"minecraft:dirt_path":8,"minecraft:gravel":15,"minecraft:dirt":1,"minecraft:stone":33,"minecraft:netherrack":89,"minecraft:deepslate":1},"minecraft:picked_up":{"minecraft:pink_petals":3,"minecraft:crafting_table":3,"minecraft:feather":1,"minecraft:chicken":1,"minecraft:crimson_stem":3,"minecraft:leather":12,"minecraft:flint":2,"minecraft:gilded_blackstone":1,"minecraft:nether_brick":8,"minecraft:oak_log":5,"minecraft:string":25,"minecraft:dirt":12,"minecraft:lantern":1,"minecraft:bone":2,"minecraft:blackstone":52,"minecraft:apple":1,"minecraft:wheat_seeds":2,"minecraft:gold_nugget":134,"minecraft:cobbled_deepslate":2,"minecraft:iron_ingot":1,"minecraft:soul_sand":13,"minecraft:furnace":5,"minecraft:raw_iron":45,"minecraft:gravel":9,"minecraft:polished_blackstone_bricks":11,"minecraft:porkchop":3,"minecraft:crying_obsidian":3,"minecraft:rotten_flesh":1,"minecraft:cracked_polished_blackstone_bricks":4,"minecraft:hay_block":17,"minecraft:gold_ingot":5,"minecraft:bread":35,"minecraft:obsidian":2,"minecraft:netherrack":92,"minecraft:coal":42,"minecraft:crimson_roots":4,"minecraft:cobblestone":37,"minecraft:ender_pearl":11},"minecraft:crafted":{"minecraft:oak_planks":20,"minecraft:crimson_planks":12,"minecraft:stone_shovel":1,"minecraft:crafting_table":3,"minecraft:iron_helmet":1,"minecraft:wooden_pickaxe":1,"minecraft:iron_sword":1,"minecraft:furnace":3,"minecraft:stone_axe":1,"minecraft:air":0,"minecraft:flint_and_steel":1,"minecraft:iron_chestplate":1,"minecraft:shield":1,"minecraft:stick":16,"minecraft:iron_ingot":42,"minecraft:iron_pickaxe":1,"minecraft:stone_pickaxe":1,"minecraft:gold_ingot":24,"minecraft:iron_leggings":1,"minecraft:stone_hoe":1,"minecraft:golden_boots":1},"minecraft:killed":{"minecraft:zombie":1,"minecraft:chicken":1}},"DataVersion":3953}