{"stats":{"minecraft:dropped":{"minecraft:wheat_seeds":1},"minecraft:used":{"minecraft:stone_shovel":15,"minecraft:chicken":1,"minecraft:bread":7,"minecraft:stone_pickaxe":76,"minecraft:oak_planks":1,"minecraft:wooden_pickaxe":3,"minecraft:stone_hoe":17,"minecraft:pink_petals":3,"minecraft:dirt":12,"minecraft:crafting_table":2,"minecraft:furnace":3},"minecraft:custom":{"minecraft:time_since_rest":19965,"minecraft:interact_with_furnace":14,"minecraft:sprint_one_cm":35452,"minecraft:damage_taken":361,"minecraft:walk_one_cm":32944,"minecraft:mob_kills":1,"minecraft:drop":1,"minecraft:damage_dealt":143,"minecraft:swim_one_cm":1787,"minecraft:interact_with_crafting_table":9,"minecraft:fly_one_cm":90387,"minecraft:crouch_one_cm":8953,"minecraft:play_time":19965,"minecraft:walk_under_water_one_cm":543,"minecraft:sneak_time":3092,"minecraft:jump":645,"minecraft:time_since_death":19965,"minecraft:walk_on_water_one_cm":4167,"minecraft:total_world_time":19965,"minecraft:fall_one_cm":15057},"minecraft:mined":{"minecraft:pink_petals":1,"minecraft:hay_block":17,"minecraft:iron_ore":21,"minecraft:powder_snow":16,"minecraft:short_grass":9,"minecraft:coal_ore":20,"minecraft:grass_block":3,"minecraft:oak_log":5,"minecraft:dirt_path":8,"minecraft:gravel":15,"minecraft:dirt":1,"minecraft:stone":28},"minecraft:picked_up":{"minecraft:pink_petals":3,"minecraft:raw_iron":21,"minecraft:feather":1,"minecraft:chicken":1,"minecraft:gravel":9,"minecraft:flint":2,"minecraft:oak_log":5,"minecraft:dirt":12,"minecraft:string":1,"minecraft:bone":2,"minecraft:apple":1,"minecraft:wheat_seeds":2,"minecraft:hay_block":17,"minecraft:bread":35,"minecraft:coal":20,"minecraft:cobblestone":30},"minecraft:crafted":{"minecraft:oak_planks":20,"minecraft:stone_shovel":1,"minecraft:iron_chestplate":1,"minecraft:crafting_table":2,"minecraft:stick":16,"minecraft:iron_ingot":16,"minecraft:wooden_pickaxe":1,"minecraft:stone_pickaxe":1,"minecraft:iron_leggings":1,"minecraft:furnace":3,"minecraft:stone_hoe":1,"minecraft:air":0},"minecraft:killed":{"minecraft:chicken":1}},"DataVersion":3953}