{"stats":{"minecraft:killed_by":{"minecraft:player":3,"minecraft:bogged":2,"minecraft:blaze":1},"minecraft:dropped":{"minecraft:iron_ingot":16,"minecraft:soul_sand":21,"minecraft:wheat_seeds":2,"minecraft:crafting_table":1,"minecraft:oxidized_cut_copper":2,"minecraft:feather":1,"minecraft:polished_tuff":2,"minecraft:leather":16,"minecraft:ominous_trial_key":2,"minecraft:coal":6,"minecraft:diorite":3,"minecraft:golden_carrot":2,"minecraft:fire_charge":2,"minecraft:potion":1,"minecraft:polished_blackstone_bricks":7,"minecraft:gold_ingot":454,"minecraft:chiseled_polished_blackstone":3,"minecraft:tuff_bricks":4,"minecraft:stone_axe":1,"minecraft:blackstone":100,"minecraft:chiseled_tuff_bricks":5,"minecraft:nether_brick":28,"minecraft:rotten_flesh":11,"minecraft:waxed_copper_block":6,"minecraft:flint_and_steel":1,"minecraft:trial_key":2,"minecraft:diamond_pickaxe":1,"minecraft:bow":1,"minecraft:stone_pickaxe":1,"minecraft:crying_obsidian":3,"minecraft:quartz":26,"minecraft:netherrack":62},"minecraft:broken":{"minecraft:iron_pickaxe":1},"minecraft:used":{"minecraft:tuff_bricks":19,"minecraft:chiseled_tuff":1,"minecraft:stone_shovel":15,"minecraft:shield":50,"minecraft:iron_sword":340,"minecraft:stone_hoe":19,"minecraft:trial_key":4,"minecraft:netherrack":95,"minecraft:oxidized_cut_copper":1,"minecraft:dirt":12,"minecraft:soul_sand":7,"minecraft:nether_bricks":1,"minecraft:waxed_copper_grate":2,"minecraft:granite":2,"minecraft:lantern":1,"minecraft:crimson_planks":2,"minecraft:golden_carrot":32,"minecraft:bow":3,"minecraft:ominous_bottle":2,"minecraft:furnace":6,"minecraft:cobbled_deepslate":2,"minecraft:iron_leggings":2,"minecraft:diorite":5,"minecraft:stone_pickaxe":80,"minecraft:oak_planks":1,"minecraft:blackstone":69,"minecraft:wooden_pickaxe":3,"minecraft:waxed_copper_block":1,"minecraft:polished_blackstone_bricks":7,"minecraft:gilded_blackstone":1,"minecraft:golden_apple":2,"minecraft:crafting_table":5,"minecraft:diamond_pickaxe":93,"minecraft:ominous_trial_key":2,"minecraft:mace":12,"minecraft:wind_charge":34,"minecraft:cracked_polished_blackstone_bricks":4,"minecraft:chicken":1,"minecraft:bread":21,"minecraft:iron_pickaxe":250,"minecraft:gravel":35,"minecraft:stone_axe":7,"minecraft:pink_petals":3,"minecraft:fire_charge":2,"minecraft:cobblestone":4,"minecraft:andesite":15},"minecraft:custom":{"minecraft:mob_kills":56,"minecraft:interact_with_crafting_table":24,"minecraft:open_barrel":13,"minecraft:leave_game":1,"minecraft:time_since_death":454,"minecraft:climb_one_cm":8759,"minecraft:sprint_one_cm":241781,"minecraft:walk_one_cm":230513,"minecraft:damage_blocked_by_shield":1841,"minecraft:drop":138,"minecraft:play_time":117931,"minecraft:deaths":7,"minecraft:sneak_time":14470,"minecraft:walk_under_water_one_cm":14787,"minecraft:jump":3346,"minecraft:walk_on_water_one_cm":8044,"minecraft:total_world_time":117931,"minecraft:interact_with_furnace":39,"minecraft:time_since_rest":484,"minecraft:damage_taken":6188,"minecraft:damage_absorbed":79,"minecraft:damage_dealt":12121,"minecraft:player_kills":1,"minecraft:swim_one_cm":12969,"minecraft:fly_one_cm":504139,"minecraft:open_chest":25,"minecraft:crouch_one_cm":32540,"minecraft:fall_one_cm":88297,"minecraft:inspect_dispenser":6},"minecraft:mined":{"minecraft:nether_gold_ore":33,"minecraft:granite":2,"minecraft:chiseled_polished_blackstone":3,"minecraft:grass_block":3,"minecraft:crimson_roots":6,"minecraft:cracked_polished_blackstone_bricks":12,"minecraft:weeping_vines":1,"minecraft:chiseled_tuff_bricks":4,"minecraft:red_mushroom":1,"minecraft:tuff_bricks":22,"minecraft:crimson_stem":3,"minecraft:gilded_blackstone":4,"minecraft:hay_block":17,"minecraft:polished_blackstone_bricks":30,"minecraft:oxidized_cut_copper":3,"minecraft:furnace":5,"minecraft:waxed_copper_grate":1,"minecraft:iron_ore":21,"minecraft:fire":11,"minecraft:polished_tuff":2,"minecraft:andesite":15,"minecraft:oxidized_copper_trapdoor":1,"minecraft:chiseled_tuff":1,"minecraft:nether_brick_fence":1,"minecraft:dirt_path":8,"minecraft:stone":39,"minecraft:soul_sand":1,"minecraft:blackstone":36,"minecraft:crimson_nylium":13,"minecraft:powder_snow":16,"minecraft:crafting_table":3,"minecraft:short_grass":9,"minecraft:cobblestone":2,"minecraft:diorite":7,"minecraft:pink_petals":1,"minecraft:nether_wart_block":2,"minecraft:wheat":1,"minecraft:waxed_copper_block":8,"minecraft:coal_ore":20,"minecraft:oak_log":5,"minecraft:waxed_oxidized_copper":1,"minecraft:gravel":15,"minecraft:dirt":1,"minecraft:netherrack":120,"minecraft:deepslate":10},"minecraft:picked_up":{"minecraft:crafting_table":3,"minecraft:iron_chestplate":1,"minecraft:ominous_bottle":2,"minecraft:chicken":1,"minecraft:wooden_pickaxe":1,"minecraft:potion":2,"minecraft:enchanted_book":9,"minecraft:gilded_blackstone":1,"minecraft:nether_brick":116,"minecraft:shield":3,"minecraft:wind_charge":18,"minecraft:string":160,"minecraft:flow_banner_pattern":1,"minecraft:iron_leggings":3,"minecraft:blackstone":276,"minecraft:gold_nugget":134,"minecraft:cobbled_deepslate":18,"minecraft:trial_key":7,"minecraft:chiseled_tuff":1,"minecraft:ender_eye":10,"minecraft:iron_nugget":97,"minecraft:poppy":2,"minecraft:furnace":11,"minecraft:tipped_arrow":29,"minecraft:stick":3,"minecraft:raw_iron":45,"minecraft:torch":6,"minecraft:fire_charge":9,"minecraft:porkchop":12,"minecraft:polished_blackstone_bricks":14,"minecraft:waxed_copper_grate":2,"minecraft:diorite":8,"minecraft:arrow":28,"minecraft:rotten_flesh":11,"minecraft:stone_shovel":2,"minecraft:nether_bricks":2,"minecraft:hay_block":68,"minecraft:flow_armor_trim_smithing_template":1,"minecraft:gold_ingot":386,"minecraft:tuff_bricks":31,"minecraft:blaze_rod":7,"minecraft:obsidian":28,"minecraft:blaze_powder":4,"minecraft:cobblestone":69,"minecraft:pink_petals":3,"minecraft:feather":4,"minecraft:golden_carrot":23,"minecraft:crimson_stem":3,"minecraft:andesite":30,"minecraft:leather":28,"minecraft:red_mushroom":5,"minecraft:flint":5,"minecraft:oak_log":5,"minecraft:waxed_copper_block":13,"minecraft:golden_boots":1,"minecraft:dirt":12,"minecraft:lantern":3,"minecraft:bone":8,"minecraft:apple":2,"minecraft:bow":4,"minecraft:wheat_seeds":2,"minecraft:iron_ingot":4,"minecraft:stone_pickaxe":3,"minecraft:oxidized_cut_copper":3,"minecraft:iron_sword":6,"minecraft:soul_sand":46,"minecraft:emerald_block":1,"minecraft:chiseled_polished_blackstone":3,"minecraft:quartz":26,"minecraft:gravel":185,"minecraft:polished_tuff":4,"minecraft:crying_obsidian":3,"minecraft:spectral_arrow":78,"minecraft:diamond":1,"minecraft:stone_axe":3,"minecraft:cracked_polished_blackstone_bricks":4,"minecraft:iron_helmet":3,"minecraft:breeze_rod":5,"minecraft:granite":4,"minecraft:golden_apple":4,"minecraft:emerald":22,"minecraft:bread":187,"minecraft:ominous_trial_key":4,"minecraft:netherrack":177,"minecraft:chiseled_tuff_bricks":5,"minecraft:coal":54,"minecraft:crimson_roots":4,"minecraft:ender_pearl":50,"minecraft:diamond_pickaxe":4},"minecraft:crafted":{"minecraft:oak_planks":20,"minecraft:stone_shovel":1,"minecraft:blaze_powder":10,"minecraft:wind_charge":20,"minecraft:furnace":3,"minecraft:flint_and_steel":1,"minecraft:bow":1,"minecraft:stone_pickaxe":1,"minecraft:stone_hoe":1,"minecraft:ender_eye":10,"minecraft:golden_boots":1,"minecraft:crimson_planks":12,"minecraft:emerald":9,"minecraft:crafting_table":3,"minecraft:wooden_pickaxe":1,"minecraft:iron_helmet":1,"minecraft:iron_sword":1,"minecraft:stone_axe":1,"minecraft:air":0,"minecraft:iron_chestplate":1,"minecraft:shield":1,"minecraft:stick":16,"minecraft:iron_ingot":42,"minecraft:iron_pickaxe":1,"minecraft:iron_leggings":1,"minecraft:gold_ingot":24},"minecraft:killed":{"minecraft:bogged":23,"minecraft:chicken":1,"minecraft:silverfish":1,"minecraft:piglin_brute":1,"minecraft:piglin":2,"minecraft:iron_golem":1,"minecraft:hoglin":1,"minecraft:zombie":14,"minecraft:breeze":2,"minecraft:villager":1,"minecraft:blaze":8}},"DataVersion":3953}