{"stats":{"minecraft:dropped":{"minecraft:iron_ingot":16,"minecraft:wheat_seeds":2,"minecraft:flint_and_steel":1,"minecraft:gold_ingot":1},"minecraft:used":{"minecraft:stone_shovel":15,"minecraft:stone_pickaxe":76,"minecraft:oak_planks":1,"minecraft:shield":1,"minecraft:wooden_pickaxe":3,"minecraft:iron_sword":10,"minecraft:stone_hoe":17,"minecraft:netherrack":43,"minecraft:dirt":12,"minecraft:crafting_table":4,"minecraft:chicken":1,"minecraft:bread":9,"minecraft:iron_pickaxe":120,"minecraft:stone_axe":5,"minecraft:pink_petals":3,"minecraft:cobblestone":4,"minecraft:furnace":6,"minecraft:cobbled_deepslate":2},"minecraft:custom":{"minecraft:interact_with_furnace":39,"minecraft:mob_kills":2,"minecraft:interact_with_crafting_table":20,"minecraft:time_since_death":31965,"minecraft:climb_one_cm":538,"minecraft:time_since_rest":31965,"minecraft:sprint_one_cm":52275,"minecraft:damage_taken":382,"minecraft:walk_one_cm":56906,"minecraft:damage_blocked_by_shield":5,"minecraft:drop":5,"minecraft:damage_dealt":437,"minecraft:swim_one_cm":1787,"minecraft:fly_one_cm":112699,"minecraft:crouch_one_cm":14510,"minecraft:play_time":31965,"minecraft:sneak_time":4537,"minecraft:walk_under_water_one_cm":543,"minecraft:jump":899,"minecraft:walk_on_water_one_cm":4167,"minecraft:total_world_time":31965,"minecraft:fall_one_cm":19475},"minecraft:mined":{"minecraft:nether_gold_ore":17,"minecraft:crimson_nylium":3,"minecraft:powder_snow":16,"minecraft:crafting_table":2,"minecraft:short_grass":9,"minecraft:grass_block":3,"minecraft:crimson_roots":2,"minecraft:cobblestone":2,"minecraft:crimson_stem":3,"minecraft:pink_petals":1,"minecraft:hay_block":17,"minecraft:furnace":5,"minecraft:iron_ore":21,"minecraft:oak_log":5,"minecraft:coal_ore":20,"minecraft:dirt_path":8,"minecraft:gravel":15,"minecraft:dirt":1,"minecraft:stone":33,"minecraft:netherrack":87,"minecraft:deepslate":1},"minecraft:picked_up":{"minecraft:pink_petals":3,"minecraft:crafting_table":2,"minecraft:feather":1,"minecraft:chicken":1,"minecraft:crimson_stem":3,"minecraft:flint":2,"minecraft:oak_log":5,"minecraft:string":1,"minecraft:dirt":12,"minecraft:bone":2,"minecraft:apple":1,"minecraft:wheat_seeds":2,"minecraft:gold_nugget":61,"minecraft:cobbled_deepslate":2,"minecraft:iron_ingot":1,"minecraft:furnace":5,"minecraft:raw_iron":45,"minecraft:gravel":9,"minecraft:porkchop":3,"minecraft:rotten_flesh":1,"minecraft:hay_block":17,"minecraft:bread":35,"minecraft:netherrack":90,"minecraft:coal":42,"minecraft:crimson_roots":1,"minecraft:cobblestone":37},"minecraft:crafted":{"minecraft:oak_planks":20,"minecraft:crimson_planks":12,"minecraft:stone_shovel":1,"minecraft:crafting_table":3,"minecraft:iron_helmet":1,"minecraft:wooden_pickaxe":1,"minecraft:iron_sword":1,"minecraft:furnace":3,"minecraft:stone_axe":1,"minecraft:air":0,"minecraft:flint_and_steel":1,"minecraft:iron_chestplate":1,"minecraft:shield":1,"minecraft:stick":16,"minecraft:iron_ingot":42,"minecraft:iron_pickaxe":1,"minecraft:stone_pickaxe":1,"minecraft:gold_ingot":6,"minecraft:iron_leggings":1,"minecraft:stone_hoe":1,"minecraft:golden_boots":1},"minecraft:killed":{"minecraft:zombie":1,"minecraft:chicken":1}},"DataVersion":3953}