{"stats":{"minecraft:killed_by":{"minecraft:blaze":1},"minecraft:dropped":{"minecraft:iron_ingot":16,"minecraft:soul_sand":21,"minecraft:wheat_seeds":2,"minecraft:crafting_table":1,"minecraft:leather":16,"minecraft:coal":6,"minecraft:diorite":3,"minecraft:golden_carrot":2,"minecraft:fire_charge":2,"minecraft:potion":1,"minecraft:polished_blackstone_bricks":7,"minecraft:gold_ingot":454,"minecraft:chiseled_polished_blackstone":3,"minecraft:blackstone":100,"minecraft:rotten_flesh":1,"minecraft:flint_and_steel":1,"minecraft:diamond_pickaxe":1,"minecraft:crying_obsidian":3,"minecraft:quartz":26,"minecraft:netherrack":62},"minecraft:broken":{"minecraft:iron_pickaxe":1},"minecraft:used":{"minecraft:stone_shovel":15,"minecraft:shield":22,"minecraft:iron_sword":188,"minecraft:stone_hoe":19,"minecraft:netherrack":95,"minecraft:dirt":12,"minecraft:soul_sand":7,"minecraft:crimson_planks":2,"minecraft:golden_carrot":11,"minecraft:furnace":6,"minecraft:cobbled_deepslate":2,"minecraft:iron_leggings":2,"minecraft:diorite":5,"minecraft:stone_pickaxe":80,"minecraft:oak_planks":1,"minecraft:blackstone":69,"minecraft:wooden_pickaxe":3,"minecraft:polished_blackstone_bricks":7,"minecraft:gilded_blackstone":1,"minecraft:crafting_table":5,"minecraft:diamond_pickaxe":67,"minecraft:cracked_polished_blackstone_bricks":4,"minecraft:chicken":1,"minecraft:bread":21,"minecraft:iron_pickaxe":250,"minecraft:gravel":35,"minecraft:stone_axe":7,"minecraft:pink_petals":3,"minecraft:fire_charge":1,"minecraft:cobblestone":4},"minecraft:custom":{"minecraft:mob_kills":29,"minecraft:interact_with_crafting_table":24,"minecraft:open_barrel":4,"minecraft:time_since_death":10952,"minecraft:climb_one_cm":2051,"minecraft:sprint_one_cm":133111,"minecraft:walk_one_cm":162186,"minecraft:damage_blocked_by_shield":755,"minecraft:drop":121,"minecraft:play_time":79965,"minecraft:deaths":2,"minecraft:sneak_time":12493,"minecraft:walk_under_water_one_cm":7691,"minecraft:jump":2328,"minecraft:walk_on_water_one_cm":5452,"minecraft:total_world_time":79965,"minecraft:interact_with_furnace":39,"minecraft:time_since_rest":10986,"minecraft:damage_taken":2583,"minecraft:damage_dealt":6289,"minecraft:swim_one_cm":10016,"minecraft:fly_one_cm":219167,"minecraft:open_chest":9,"minecraft:crouch_one_cm":27754,"minecraft:fall_one_cm":51102},"minecraft:mined":{"minecraft:nether_gold_ore":33,"minecraft:granite":2,"minecraft:chiseled_polished_blackstone":3,"minecraft:grass_block":3,"minecraft:crimson_roots":6,"minecraft:cracked_polished_blackstone_bricks":12,"minecraft:weeping_vines":1,"minecraft:chiseled_tuff_bricks":1,"minecraft:red_mushroom":1,"minecraft:tuff_bricks":8,"minecraft:crimson_stem":3,"minecraft:gilded_blackstone":4,"minecraft:hay_block":17,"minecraft:polished_blackstone_bricks":30,"minecraft:furnace":5,"minecraft:iron_ore":21,"minecraft:fire":10,"minecraft:polished_tuff":2,"minecraft:andesite":15,"minecraft:nether_brick_fence":1,"minecraft:dirt_path":8,"minecraft:stone":39,"minecraft:soul_sand":1,"minecraft:blackstone":36,"minecraft:crimson_nylium":13,"minecraft:powder_snow":16,"minecraft:crafting_table":3,"minecraft:short_grass":9,"minecraft:cobblestone":2,"minecraft:diorite":7,"minecraft:pink_petals":1,"minecraft:nether_wart_block":2,"minecraft:waxed_copper_block":5,"minecraft:coal_ore":20,"minecraft:oak_log":5,"minecraft:waxed_oxidized_copper":1,"minecraft:gravel":15,"minecraft:dirt":1,"minecraft:netherrack":120,"minecraft:deepslate":10},"minecraft:picked_up":{"minecraft:crafting_table":3,"minecraft:iron_chestplate":1,"minecraft:chicken":1,"minecraft:wooden_pickaxe":1,"minecraft:potion":1,"minecraft:enchanted_book":5,"minecraft:gilded_blackstone":1,"minecraft:nether_brick":88,"minecraft:shield":2,"minecraft:string":122,"minecraft:iron_leggings":2,"minecraft:blackstone":245,"minecraft:gold_nugget":134,"minecraft:cobbled_deepslate":10,"minecraft:trial_key":1,"minecraft:iron_nugget":97,"minecraft:furnace":9,"minecraft:stick":3,"minecraft:raw_iron":45,"minecraft:fire_charge":9,"minecraft:porkchop":9,"minecraft:polished_blackstone_bricks":14,"minecraft:diorite":8,"minecraft:rotten_flesh":6,"minecraft:stone_shovel":1,"minecraft:nether_bricks":1,"minecraft:hay_block":51,"minecraft:gold_ingot":386,"minecraft:tuff_bricks":7,"minecraft:blaze_rod":7,"minecraft:obsidian":28,"minecraft:blaze_powder":4,"minecraft:cobblestone":53,"minecraft:pink_petals":3,"minecraft:feather":3,"minecraft:golden_carrot":16,"minecraft:crimson_stem":3,"minecraft:andesite":15,"minecraft:leather":28,"minecraft:red_mushroom":2,"minecraft:flint":4,"minecraft:oak_log":5,"minecraft:waxed_copper_block":5,"minecraft:golden_boots":1,"minecraft:dirt":12,"minecraft:lantern":3,"minecraft:bone":2,"minecraft:apple":2,"minecraft:wheat_seeds":2,"minecraft:iron_ingot":1,"minecraft:stone_pickaxe":2,"minecraft:iron_sword":4,"minecraft:soul_sand":45,"minecraft:chiseled_polished_blackstone":3,"minecraft:quartz":26,"minecraft:gravel":162,"minecraft:polished_tuff":2,"minecraft:crying_obsidian":3,"minecraft:spectral_arrow":78,"minecraft:stone_axe":2,"minecraft:cracked_polished_blackstone_bricks":4,"minecraft:iron_helmet":2,"minecraft:granite":2,"minecraft:golden_apple":2,"minecraft:bread":162,"minecraft:netherrack":175,"minecraft:coal":54,"minecraft:crimson_roots":4,"minecraft:ender_pearl":45,"minecraft:diamond_pickaxe":3},"minecraft:crafted":{"minecraft:oak_planks":20,"minecraft:stone_shovel":1,"minecraft:blaze_powder":10,"minecraft:furnace":3,"minecraft:flint_and_steel":1,"minecraft:stone_pickaxe":1,"minecraft:stone_hoe":1,"minecraft:ender_eye":10,"minecraft:golden_boots":1,"minecraft:crimson_planks":12,"minecraft:crafting_table":3,"minecraft:wooden_pickaxe":1,"minecraft:iron_helmet":1,"minecraft:iron_sword":1,"minecraft:stone_axe":1,"minecraft:air":0,"minecraft:iron_chestplate":1,"minecraft:shield":1,"minecraft:stick":16,"minecraft:iron_ingot":42,"minecraft:iron_pickaxe":1,"minecraft:iron_leggings":1,"minecraft:gold_ingot":24},"minecraft:killed":{"minecraft:bogged":1,"minecraft:chicken":1,"minecraft:piglin_brute":1,"minecraft:piglin":2,"minecraft:hoglin":1,"minecraft:zombie":14,"minecraft:blaze":8}},"DataVersion":3953}