{"stats":{"minecraft:killed_by":{"minecraft:zombie":1},"minecraft:dropped":{"minecraft:rotten_flesh":1,"minecraft:bread":35,"minecraft:poppy":1},"minecraft:used":{"minecraft:black_wool":1,"minecraft:stone_sword":45,"minecraft:stone_pickaxe":57,"minecraft:bread":9,"minecraft:wooden_pickaxe":3,"minecraft:stone_hoe":44,"minecraft:cobblestone":16,"minecraft:crafting_table":3,"minecraft:goat_horn":4},"minecraft:mined":{"minecraft:pink_petals":1,"minecraft:hay_block":45,"minecraft:iron_ore":14,"minecraft:powder_snow":1,"minecraft:crafting_table":1,"minecraft:short_grass":10,"minecraft:grass_block":2,"minecraft:coal_ore":1,"minecraft:dirt":3,"minecraft:tall_grass":2,"minecraft:stone":26},"minecraft:custom":{"minecraft:time_since_rest":5323,"minecraft:sprint_one_cm":50427,"minecraft:damage_taken":578,"minecraft:walk_one_cm":20609,"minecraft:mob_kills":8,"minecraft:drop":4,"minecraft:damage_dealt":2042,"minecraft:swim_one_cm":1150,"minecraft:interact_with_crafting_table":13,"minecraft:fly_one_cm":132136,"minecraft:open_chest":1,"minecraft:crouch_one_cm":7196,"minecraft:play_time":17845,"minecraft:deaths":1,"minecraft:sneak_time":2571,"minecraft:walk_under_water_one_cm":995,"minecraft:jump":531,"minecraft:walk_on_water_one_cm":80,"minecraft:time_since_death":10559,"minecraft:sleep_in_bed":2,"minecraft:total_world_time":17845,"minecraft:fall_one_cm":18296},"minecraft:picked_up":{"minecraft:crafting_table":1,"minecraft:pink_petals":4,"minecraft:stick":4,"minecraft:raw_iron":14,"minecraft:wheat":1,"minecraft:wooden_pickaxe":1,"minecraft:dirt":5,"minecraft:string":4,"minecraft:goat_horn":1,"minecraft:dark_oak_planks":17,"minecraft:rotten_flesh":1,"minecraft:hay_block":45,"minecraft:iron_ingot":3,"minecraft:stone_pickaxe":1,"minecraft:poppy":1,"minecraft:bread":2,"minecraft:black_wool":1,"minecraft:mutton":1,"minecraft:coal":1,"minecraft:cobblestone":26},"minecraft:crafted":{"minecraft:crafting_table":2,"minecraft:stick":8,"minecraft:wooden_pickaxe":1,"minecraft:stone_pickaxe":1,"minecraft:stone_sword":1,"minecraft:stone_hoe":1,"minecraft:dark_oak_planks":28,"minecraft:bread":139,"minecraft:wheat":405},"minecraft:killed":{"minecraft:sheep":1,"minecraft:zombie":3,"minecraft:spider":2,"minecraft:iron_golem":1,"minecraft:skeleton":1}},"DataVersion":3953}