{"stats":{"minecraft:killed_by":{"minecraft:piglin_brute":2,"minecraft:zombie":1,"minecraft:enderman":1},"minecraft:dropped":{"minecraft:gravel":15,"minecraft:bread":35,"minecraft:iron_nugget":33,"minecraft:wheat":2,"minecraft:raw_iron":24,"minecraft:rotten_flesh":1,"minecraft:poppy":1,"minecraft:fire_charge":1,"minecraft:pink_petals":2,"minecraft:gold_ingot":152},"minecraft:used":{"minecraft:golden_boots":1,"minecraft:chiseled_polished_blackstone":1,"minecraft:diorite":3,"minecraft:stone_sword":126,"minecraft:flint_and_steel":1,"minecraft:stone_pickaxe":58,"minecraft:wooden_pickaxe":3,"minecraft:stone_hoe":61,"minecraft:polished_blackstone_bricks":1,"minecraft:netherrack":96,"minecraft:dirt":5,"minecraft:crafting_table":6,"minecraft:obsidian":8,"minecraft:diamond_pickaxe":217,"minecraft:black_wool":1,"minecraft:bread":39,"minecraft:iron_pickaxe":105,"minecraft:stone_axe":1,"minecraft:cobblestone":41,"minecraft:hay_block":1,"minecraft:goat_horn":5,"minecraft:cobbled_deepslate":10},"minecraft:custom":{"minecraft:mob_kills":23,"minecraft:interact_with_crafting_table":19,"minecraft:time_since_death":5451,"minecraft:sleep_in_bed":2,"minecraft:climb_one_cm":116,"minecraft:time_since_rest":5489,"minecraft:sprint_one_cm":465097,"minecraft:damage_taken":2573,"minecraft:walk_one_cm":85988,"minecraft:drop":14,"minecraft:damage_dealt":5372,"minecraft:talked_to_villager":6,"minecraft:swim_one_cm":1150,"minecraft:fly_one_cm":146530,"minecraft:open_chest":4,"minecraft:crouch_one_cm":41272,"minecraft:play_time":65845,"minecraft:deaths":4,"minecraft:sneak_time":15549,"minecraft:walk_under_water_one_cm":995,"minecraft:jump":597,"minecraft:walk_on_water_one_cm":80,"minecraft:total_world_time":65845,"minecraft:fall_one_cm":24763},"minecraft:mined":{"minecraft:nether_gold_ore":18,"minecraft:blackstone":35,"minecraft:deepslate_diamond_ore":12,"minecraft:twisting_vines_plant":1,"minecraft:crimson_nylium":9,"minecraft:soul_fire":1,"minecraft:powder_snow":1,"minecraft:obsidian":10,"minecraft:crafting_table":2,"minecraft:chiseled_polished_blackstone":3,"minecraft:short_grass":11,"minecraft:grass_block":2,"minecraft:crimson_roots":3,"minecraft:cracked_polished_blackstone_bricks":10,"minecraft:weeping_vines":1,"minecraft:tall_grass":2,"minecraft:sculk":19,"minecraft:diorite":3,"minecraft:gilded_blackstone":2,"minecraft:pink_petals":1,"minecraft:hay_block":61,"minecraft:polished_blackstone_bricks":13,"minecraft:cobbled_deepslate":2,"minecraft:iron_ore":24,"minecraft:fire":9,"minecraft:gold_block":10,"minecraft:twisting_vines":2,"minecraft:sculk_shrieker":1,"minecraft:coal_ore":1,"minecraft:dirt":3,"minecraft:stone":51,"minecraft:netherrack":98,"minecraft:deepslate":40},"minecraft:picked_up":{"minecraft:pink_petals":4,"minecraft:crafting_table":2,"minecraft:wheat":4,"minecraft:leather":14,"minecraft:wooden_pickaxe":3,"minecraft:gold_block":10,"minecraft:potion":2,"minecraft:gilded_blackstone":1,"minecraft:string":34,"minecraft:dirt":5,"minecraft:flint_and_steel":3,"minecraft:twisting_vines":4,"minecraft:bone":10,"minecraft:blackstone":86,"minecraft:shroomlight":2,"minecraft:gold_nugget":135,"minecraft:cobbled_deepslate":119,"minecraft:iron_ingot":51,"minecraft:stone_pickaxe":3,"minecraft:iron_nugget":33,"minecraft:poppy":1,"minecraft:iron_pickaxe":2,"minecraft:soul_sand":28,"minecraft:stone_hoe":2,"minecraft:stick":8,"minecraft:raw_iron":24,"minecraft:chiseled_polished_blackstone":3,"minecraft:porkchop":6,"minecraft:fire_charge":1,"minecraft:gravel":15,"minecraft:polished_blackstone_bricks":15,"minecraft:diorite":3,"minecraft:goat_horn":3,"minecraft:dark_oak_planks":27,"minecraft:stone_sword":2,"minecraft:arrow":8,"minecraft:weeping_vines":3,"minecraft:rotten_flesh":3,"minecraft:diamond":27,"minecraft:stone_axe":2,"minecraft:cracked_polished_blackstone_bricks":20,"minecraft:hay_block":91,"minecraft:gold_ingot":59,"minecraft:bread":56,"minecraft:netherrack":126,"minecraft:black_wool":1,"minecraft:obsidian":16,"minecraft:mutton":3,"minecraft:coal":3,"minecraft:crimson_roots":3,"minecraft:cobblestone":52,"minecraft:diamond_pickaxe":1},"minecraft:crafted":{"minecraft:crafting_table":4,"minecraft:wooden_pickaxe":1,"minecraft:stone_axe":1,"minecraft:bread":139,"minecraft:diamond_pickaxe":2,"minecraft:stick":16,"minecraft:iron_pickaxe":1,"minecraft:stone_pickaxe":1,"minecraft:stone_sword":1,"minecraft:gold_ingot":98,"minecraft:dark_oak_planks":28,"minecraft:stone_hoe":1,"minecraft:golden_boots":1,"minecraft:wheat":405},"minecraft:killed":{"minecraft:piglin":5,"minecraft:spider":2,"minecraft:iron_golem":1,"minecraft:hoglin":3,"minecraft:skeleton":5,"minecraft:sheep":1,"minecraft:zombie":4}},"DataVersion":3953}