{"stats":{"minecraft:killed_by":{"minecraft:piglin_brute":2,"minecraft:enderman":1,"minecraft:bogged":2,"minecraft:zombie":2},"minecraft:dropped":{"minecraft:stone_hoe":1,"minecraft:bread":60,"minecraft:glass_bottle":1,"minecraft:weeping_vines":1,"minecraft:cobblestone":3,"minecraft:spectral_arrow":39,"minecraft:apple":1,"minecraft:coal":7,"minecraft:stick":4,"minecraft:mutton":1,"minecraft:crimson_roots":1,"minecraft:fire_charge":1,"minecraft:dark_oak_planks":1,"minecraft:pink_petals":2,"minecraft:gold_ingot":152,"minecraft:bone":4,"minecraft:gravel":15,"minecraft:iron_nugget":33,"minecraft:cooked_chicken":1,"minecraft:twisting_vines":2,"minecraft:wheat":2,"minecraft:raw_iron":24,"minecraft:stone_shovel":1,"minecraft:rotten_flesh":1,"minecraft:nether_brick_fence":1,"minecraft:nether_bricks":4,"minecraft:poppy":1,"minecraft:trial_key":2,"minecraft:piglin_banner_pattern":1,"minecraft:arrow":6,"minecraft:stone_pickaxe":1,"minecraft:wooden_pickaxe":2},"minecraft:broken":{"minecraft:stone_sword":1,"minecraft:stone_axe":1},"minecraft:used":{"minecraft:stone_sword":137,"minecraft:flint_and_steel":2,"minecraft:shield":3,"minecraft:cooked_chicken":1,"minecraft:stone_hoe":61,"minecraft:trial_key":5,"minecraft:netherrack":99,"minecraft:dirt":5,"minecraft:soul_sand":22,"minecraft:obsidian":22,"minecraft:hay_block":1,"minecraft:scaffolding":4,"minecraft:goat_horn":14,"minecraft:cobbled_deepslate":41,"minecraft:golden_boots":1,"minecraft:chiseled_polished_blackstone":1,"minecraft:diorite":3,"minecraft:stone_pickaxe":62,"minecraft:blackstone":54,"minecraft:wooden_pickaxe":3,"minecraft:diamond_axe":109,"minecraft:polished_blackstone_bricks":1,"minecraft:crafting_table":7,"minecraft:diamond_pickaxe":295,"minecraft:black_wool":1,"minecraft:wind_charge":7,"minecraft:cracked_polished_blackstone_bricks":10,"minecraft:bread":79,"minecraft:iron_pickaxe":105,"minecraft:gravel":2,"minecraft:stone_axe":75,"minecraft:cobblestone":41,"minecraft:potion":1,"minecraft:cooked_porkchop":1,"minecraft:porkchop":6},"minecraft:custom":{"minecraft:mob_kills":83,"minecraft:interact_with_crafting_table":21,"minecraft:open_barrel":9,"minecraft:time_since_death":5181,"minecraft:climb_one_cm":3469,"minecraft:sprint_one_cm":774526,"minecraft:walk_one_cm":180921,"minecraft:damage_blocked_by_shield":70,"minecraft:drop":40,"minecraft:talked_to_villager":6,"minecraft:play_time":101845,"minecraft:deaths":7,"minecraft:sneak_time":20568,"minecraft:walk_under_water_one_cm":2964,"minecraft:jump":597,"minecraft:walk_on_water_one_cm":604,"minecraft:total_world_time":101845,"minecraft:sleep_in_bed":2,"minecraft:time_since_rest":5211,"minecraft:damage_taken":5622,"minecraft:damage_dealt":15777,"minecraft:swim_one_cm":1834,"minecraft:fly_one_cm":149425,"minecraft:open_chest":8,"minecraft:crouch_one_cm":55425,"minecraft:fall_one_cm":24763,"minecraft:inspect_dispenser":1},"minecraft:mined":{"minecraft:nether_gold_ore":18,"minecraft:deepslate_diamond_ore":12,"minecraft:obsidian":10,"minecraft:nether_bricks":5,"minecraft:chiseled_polished_blackstone":3,"minecraft:grass_block":2,"minecraft:decorated_pot":14,"minecraft:crimson_roots":3,"minecraft:cracked_polished_blackstone_bricks":10,"minecraft:weeping_vines":1,"minecraft:tuff_bricks":1,"minecraft:gilded_blackstone":2,"minecraft:hay_block":61,"minecraft:polished_blackstone_bricks":13,"minecraft:weeping_vines_plant":1,"minecraft:waxed_copper_grate":2,"minecraft:fire":28,"minecraft:iron_ore":24,"minecraft:cobbled_deepslate":2,"minecraft:gold_block":10,"minecraft:twisting_vines":2,"minecraft:sculk_shrieker":1,"minecraft:stone":67,"minecraft:scaffolding":4,"minecraft:soul_sand":1,"minecraft:blackstone":44,"minecraft:twisting_vines_plant":1,"minecraft:crimson_nylium":9,"minecraft:soul_fire":1,"minecraft:powder_snow":1,"minecraft:crafting_table":3,"minecraft:short_grass":11,"minecraft:tall_grass":2,"minecraft:sculk":19,"minecraft:diorite":9,"minecraft:pink_petals":1,"minecraft:coal_ore":1,"minecraft:gravel":2,"minecraft:dirt":3,"minecraft:netherrack":100,"minecraft:deepslate":54},"minecraft:picked_up":{"minecraft:crafting_table":3,"minecraft:wheat":4,"minecraft:nether_brick_fence":1,"minecraft:wooden_pickaxe":4,"minecraft:gold_block":10,"minecraft:potion":6,"minecraft:gilded_blackstone":1,"minecraft:shield":3,"minecraft:brick":119,"minecraft:wind_charge":60,"minecraft:string":79,"minecraft:flint_and_steel":6,"minecraft:shroomlight":3,"minecraft:blackstone":95,"minecraft:gold_nugget":135,"minecraft:cobbled_deepslate":175,"minecraft:trial_key":12,"minecraft:iron_nugget":289,"minecraft:poppy":1,"minecraft:iron_pickaxe":5,"minecraft:tipped_arrow":35,"minecraft:raw_iron":24,"minecraft:stick":15,"minecraft:bamboo_hanging_sign":2,"minecraft:fire_charge":1,"minecraft:porkchop":6,"minecraft:polished_blackstone_bricks":51,"minecraft:diorite":3,"minecraft:golden_chestplate":3,"minecraft:goat_horn":6,"minecraft:dark_oak_planks":27,"minecraft:honey_bottle":20,"minecraft:rotten_flesh":21,"minecraft:stone_sword":2,"minecraft:arrow":147,"minecraft:weeping_vines":3,"minecraft:stone_shovel":5,"minecraft:decorated_pot":9,"minecraft:nether_bricks":4,"minecraft:hay_block":91,"minecraft:gold_ingot":59,"minecraft:tuff_bricks":4,"minecraft:blaze_rod":5,"minecraft:mutton":3,"minecraft:obsidian":47,"minecraft:blaze_powder":30,"minecraft:cobblestone":55,"minecraft:pink_petals":4,"minecraft:water_bucket":1,"minecraft:leather":62,"minecraft:dirt":5,"minecraft:twisting_vines":4,"minecraft:bone":53,"minecraft:apple":1,"minecraft:cooked_chicken":2,"minecraft:iron_ingot":136,"minecraft:stone_pickaxe":6,"minecraft:stone_hoe":2,"minecraft:soul_sand":59,"minecraft:scaffolding":20,"minecraft:chiseled_polished_blackstone":6,"minecraft:gravel":20,"minecraft:spectral_arrow":195,"minecraft:diamond":47,"minecraft:stone_axe":2,"minecraft:cracked_polished_blackstone_bricks":20,"minecraft:diamond_axe":3,"minecraft:breeze_rod":4,"minecraft:emerald":36,"minecraft:bread":274,"minecraft:black_wool":1,"minecraft:netherrack":128,"minecraft:coal":9,"minecraft:crimson_roots":3,"minecraft:ender_pearl":2,"minecraft:diamond_pickaxe":4},"minecraft:crafted":{"minecraft:blaze_powder":10,"minecraft:wind_charge":16,"minecraft:stone_pickaxe":1,"minecraft:dark_oak_planks":28,"minecraft:stone_hoe":1,"minecraft:golden_boots":1,"minecraft:wheat":540,"minecraft:crafting_table":4,"minecraft:wooden_pickaxe":1,"minecraft:stone_axe":1,"minecraft:bread":184,"minecraft:diamond_pickaxe":2,"minecraft:stick":16,"minecraft:iron_pickaxe":1,"minecraft:stone_sword":1,"minecraft:gold_ingot":98},"minecraft:killed":{"minecraft:bogged":23,"minecraft:spider":2,"minecraft:skeleton":5,"minecraft:piglin":5,"minecraft:iron_golem":1,"minecraft:hoglin":3,"minecraft:sheep":1,"minecraft:zombie":19,"minecraft:breeze":3,"minecraft:blaze":19}},"DataVersion":3953}