{"stats":{"minecraft:killed_by":{"minecraft:zombie":1,"minecraft:enderman":1},"minecraft:dropped":{"minecraft:bread":35,"minecraft:raw_iron":24,"minecraft:rotten_flesh":1,"minecraft:poppy":1,"minecraft:pink_petals":2},"minecraft:used":{"minecraft:golden_boots":1,"minecraft:diorite":3,"minecraft:stone_sword":87,"minecraft:flint_and_steel":1,"minecraft:stone_pickaxe":58,"minecraft:wooden_pickaxe":3,"minecraft:stone_hoe":61,"minecraft:netherrack":82,"minecraft:dirt":5,"minecraft:crafting_table":6,"minecraft:obsidian":8,"minecraft:diamond_pickaxe":128,"minecraft:black_wool":1,"minecraft:bread":37,"minecraft:iron_pickaxe":105,"minecraft:stone_axe":1,"minecraft:cobblestone":40,"minecraft:hay_block":1,"minecraft:goat_horn":4},"minecraft:custom":{"minecraft:mob_kills":16,"minecraft:interact_with_crafting_table":19,"minecraft:time_since_death":5954,"minecraft:sleep_in_bed":2,"minecraft:climb_one_cm":116,"minecraft:time_since_rest":6008,"minecraft:sprint_one_cm":410657,"minecraft:damage_taken":2038,"minecraft:walk_one_cm":66331,"minecraft:drop":6,"minecraft:damage_dealt":3565,"minecraft:swim_one_cm":1150,"minecraft:fly_one_cm":146191,"minecraft:open_chest":2,"minecraft:crouch_one_cm":31991,"minecraft:play_time":53845,"minecraft:deaths":2,"minecraft:sneak_time":11746,"minecraft:walk_under_water_one_cm":995,"minecraft:jump":597,"minecraft:walk_on_water_one_cm":80,"minecraft:total_world_time":53845,"minecraft:fall_one_cm":24763},"minecraft:mined":{"minecraft:nether_gold_ore":18,"minecraft:blackstone":8,"minecraft:deepslate_diamond_ore":12,"minecraft:twisting_vines_plant":1,"minecraft:crimson_nylium":5,"minecraft:soul_fire":1,"minecraft:powder_snow":1,"minecraft:obsidian":10,"minecraft:crafting_table":2,"minecraft:short_grass":11,"minecraft:grass_block":2,"minecraft:crimson_roots":3,"minecraft:weeping_vines":1,"minecraft:tall_grass":2,"minecraft:sculk":19,"minecraft:diorite":3,"minecraft:pink_petals":1,"minecraft:hay_block":61,"minecraft:iron_ore":24,"minecraft:fire":9,"minecraft:twisting_vines":2,"minecraft:sculk_shrieker":1,"minecraft:coal_ore":1,"minecraft:dirt":3,"minecraft:stone":51,"minecraft:netherrack":81,"minecraft:deepslate":40},"minecraft:picked_up":{"minecraft:pink_petals":4,"minecraft:crafting_table":2,"minecraft:wheat":2,"minecraft:leather":6,"minecraft:wooden_pickaxe":2,"minecraft:string":8,"minecraft:dirt":5,"minecraft:flint_and_steel":2,"minecraft:twisting_vines":2,"minecraft:bone":6,"minecraft:blackstone":5,"minecraft:shroomlight":1,"minecraft:gold_nugget":135,"minecraft:cobbled_deepslate":78,"minecraft:iron_ingot":35,"minecraft:stone_pickaxe":2,"minecraft:poppy":1,"minecraft:iron_pickaxe":1,"minecraft:stone_hoe":1,"minecraft:stick":7,"minecraft:raw_iron":24,"minecraft:diorite":3,"minecraft:goat_horn":2,"minecraft:dark_oak_planks":26,"minecraft:stone_sword":1,"minecraft:arrow":5,"minecraft:weeping_vines":2,"minecraft:rotten_flesh":3,"minecraft:diamond":21,"minecraft:stone_axe":1,"minecraft:hay_block":76,"minecraft:gold_ingot":1,"minecraft:bread":56,"minecraft:netherrack":111,"minecraft:black_wool":1,"minecraft:obsidian":12,"minecraft:mutton":2,"minecraft:coal":2,"minecraft:crimson_roots":2,"minecraft:cobblestone":52},"minecraft:crafted":{"minecraft:crafting_table":4,"minecraft:wooden_pickaxe":1,"minecraft:stone_axe":1,"minecraft:bread":139,"minecraft:diamond_pickaxe":2,"minecraft:stick":16,"minecraft:iron_pickaxe":1,"minecraft:stone_pickaxe":1,"minecraft:stone_sword":1,"minecraft:gold_ingot":8,"minecraft:dark_oak_planks":28,"minecraft:stone_hoe":1,"minecraft:golden_boots":1,"minecraft:wheat":405},"minecraft:killed":{"minecraft:piglin":1,"minecraft:spider":2,"minecraft:iron_golem":1,"minecraft:skeleton":5,"minecraft:sheep":1,"minecraft:zombie":4}},"DataVersion":3953}