{"stats":{"minecraft:used":{"minecraft:goat_horn":4},"minecraft:mined":{"minecraft:short_grass":2,"minecraft:powder_snow":1},"minecraft:custom":{"minecraft:jump":216,"minecraft:open_chest":1,"minecraft:time_since_rest":5845,"minecraft:damage_dealt":15,"minecraft:crouch_one_cm":392,"minecraft:sprint_one_cm":18540,"minecraft:play_time":5845,"minecraft:damage_taken":125,"minecraft:time_since_death":5845,"minecraft:walk_one_cm":4968,"minecraft:sneak_time":168,"minecraft:total_world_time":5845,"minecraft:fall_one_cm":9213,"minecraft:fly_one_cm":64181}},"DataVersion":3953}