{"stats":{"minecraft:killed_by":{"minecraft:piglin_brute":2,"minecraft:enderman":1,"minecraft:zombie":2},"minecraft:dropped":{"minecraft:stone_hoe":1,"minecraft:bread":60,"minecraft:glass_bottle":1,"minecraft:weeping_vines":1,"minecraft:cobblestone":3,"minecraft:spectral_arrow":39,"minecraft:apple":1,"minecraft:coal":7,"minecraft:mutton":1,"minecraft:crimson_roots":1,"minecraft:fire_charge":1,"minecraft:dark_oak_planks":1,"minecraft:pink_petals":2,"minecraft:gold_ingot":152,"minecraft:bone":4,"minecraft:gravel":15,"minecraft:iron_nugget":33,"minecraft:cooked_chicken":1,"minecraft:twisting_vines":2,"minecraft:wheat":2,"minecraft:raw_iron":24,"minecraft:rotten_flesh":1,"minecraft:nether_brick_fence":1,"minecraft:nether_bricks":4,"minecraft:poppy":1,"minecraft:trial_key":1,"minecraft:piglin_banner_pattern":1,"minecraft:arrow":6,"minecraft:wooden_pickaxe":2},"minecraft:broken":{"minecraft:stone_sword":1,"minecraft:stone_axe":1},"minecraft:used":{"minecraft:stone_sword":137,"minecraft:flint_and_steel":2,"minecraft:cooked_chicken":1,"minecraft:stone_hoe":61,"minecraft:trial_key":1,"minecraft:netherrack":99,"minecraft:dirt":5,"minecraft:soul_sand":11,"minecraft:obsidian":22,"minecraft:hay_block":1,"minecraft:scaffolding":4,"minecraft:goat_horn":11,"minecraft:cobbled_deepslate":41,"minecraft:golden_boots":1,"minecraft:chiseled_polished_blackstone":1,"minecraft:diorite":3,"minecraft:stone_pickaxe":58,"minecraft:blackstone":54,"minecraft:wooden_pickaxe":3,"minecraft:diamond_axe":52,"minecraft:polished_blackstone_bricks":1,"minecraft:crafting_table":7,"minecraft:diamond_pickaxe":292,"minecraft:black_wool":1,"minecraft:cracked_polished_blackstone_bricks":10,"minecraft:bread":61,"minecraft:iron_pickaxe":105,"minecraft:stone_axe":75,"minecraft:cobblestone":41,"minecraft:potion":1,"minecraft:cooked_porkchop":1,"minecraft:porkchop":6},"minecraft:custom":{"minecraft:mob_kills":61,"minecraft:interact_with_crafting_table":21,"minecraft:open_barrel":3,"minecraft:time_since_death":5485,"minecraft:climb_one_cm":2269,"minecraft:sprint_one_cm":641049,"minecraft:walk_one_cm":141401,"minecraft:drop":36,"minecraft:talked_to_villager":6,"minecraft:play_time":89845,"minecraft:deaths":5,"minecraft:sneak_time":19978,"minecraft:walk_under_water_one_cm":2836,"minecraft:jump":597,"minecraft:walk_on_water_one_cm":88,"minecraft:total_world_time":89845,"minecraft:sleep_in_bed":2,"minecraft:time_since_rest":5512,"minecraft:damage_taken":4322,"minecraft:damage_dealt":12799,"minecraft:swim_one_cm":1150,"minecraft:fly_one_cm":148444,"minecraft:open_chest":5,"minecraft:crouch_one_cm":54021,"minecraft:fall_one_cm":24763,"minecraft:inspect_dispenser":1},"minecraft:mined":{"minecraft:nether_gold_ore":18,"minecraft:deepslate_diamond_ore":12,"minecraft:obsidian":10,"minecraft:nether_bricks":5,"minecraft:chiseled_polished_blackstone":3,"minecraft:grass_block":2,"minecraft:decorated_pot":11,"minecraft:crimson_roots":3,"minecraft:cracked_polished_blackstone_bricks":10,"minecraft:weeping_vines":1,"minecraft:tuff_bricks":1,"minecraft:gilded_blackstone":2,"minecraft:hay_block":61,"minecraft:polished_blackstone_bricks":13,"minecraft:weeping_vines_plant":1,"minecraft:fire":28,"minecraft:iron_ore":24,"minecraft:cobbled_deepslate":2,"minecraft:gold_block":10,"minecraft:twisting_vines":2,"minecraft:sculk_shrieker":1,"minecraft:stone":67,"minecraft:scaffolding":4,"minecraft:blackstone":44,"minecraft:twisting_vines_plant":1,"minecraft:crimson_nylium":9,"minecraft:soul_fire":1,"minecraft:powder_snow":1,"minecraft:crafting_table":3,"minecraft:short_grass":11,"minecraft:tall_grass":2,"minecraft:sculk":19,"minecraft:diorite":9,"minecraft:pink_petals":1,"minecraft:coal_ore":1,"minecraft:gravel":2,"minecraft:dirt":3,"minecraft:netherrack":100,"minecraft:deepslate":54},"minecraft:picked_up":{"minecraft:crafting_table":3,"minecraft:wheat":4,"minecraft:nether_brick_fence":1,"minecraft:wooden_pickaxe":4,"minecraft:gold_block":10,"minecraft:potion":2,"minecraft:gilded_blackstone":1,"minecraft:brick":34,"minecraft:wind_charge":9,"minecraft:string":49,"minecraft:flint_and_steel":4,"minecraft:shroomlight":3,"minecraft:blackstone":95,"minecraft:gold_nugget":135,"minecraft:cobbled_deepslate":147,"minecraft:trial_key":4,"minecraft:iron_nugget":161,"minecraft:poppy":1,"minecraft:iron_pickaxe":3,"minecraft:tipped_arrow":3,"minecraft:raw_iron":24,"minecraft:stick":15,"minecraft:fire_charge":1,"minecraft:porkchop":6,"minecraft:polished_blackstone_bricks":27,"minecraft:diorite":3,"minecraft:golden_chestplate":1,"minecraft:goat_horn":4,"minecraft:dark_oak_planks":27,"minecraft:honey_bottle":4,"minecraft:rotten_flesh":9,"minecraft:stone_sword":2,"minecraft:arrow":25,"minecraft:weeping_vines":3,"minecraft:stone_shovel":2,"minecraft:decorated_pot":3,"minecraft:nether_bricks":4,"minecraft:hay_block":91,"minecraft:gold_ingot":59,"minecraft:tuff_bricks":2,"minecraft:blaze_rod":5,"minecraft:mutton":3,"minecraft:obsidian":37,"minecraft:blaze_powder":10,"minecraft:cobblestone":55,"minecraft:pink_petals":4,"minecraft:leather":34,"minecraft:dirt":5,"minecraft:twisting_vines":4,"minecraft:bone":11,"minecraft:apple":1,"minecraft:cooked_chicken":2,"minecraft:iron_ingot":72,"minecraft:stone_pickaxe":4,"minecraft:stone_hoe":2,"minecraft:soul_sand":47,"minecraft:scaffolding":4,"minecraft:chiseled_polished_blackstone":4,"minecraft:gravel":18,"minecraft:spectral_arrow":117,"minecraft:diamond":33,"minecraft:stone_axe":2,"minecraft:cracked_polished_blackstone_bricks":20,"minecraft:diamond_axe":1,"minecraft:breeze_rod":3,"minecraft:emerald":5,"minecraft:bread":176,"minecraft:black_wool":1,"minecraft:netherrack":128,"minecraft:coal":9,"minecraft:crimson_roots":3,"minecraft:diamond_pickaxe":2},"minecraft:crafted":{"minecraft:blaze_powder":10,"minecraft:wind_charge":12,"minecraft:stone_pickaxe":1,"minecraft:dark_oak_planks":28,"minecraft:stone_hoe":1,"minecraft:golden_boots":1,"minecraft:wheat":540,"minecraft:crafting_table":4,"minecraft:wooden_pickaxe":1,"minecraft:stone_axe":1,"minecraft:bread":184,"minecraft:diamond_pickaxe":2,"minecraft:stick":16,"minecraft:iron_pickaxe":1,"minecraft:stone_sword":1,"minecraft:gold_ingot":98},"minecraft:killed":{"minecraft:bogged":4,"minecraft:spider":2,"minecraft:skeleton":5,"minecraft:piglin":5,"minecraft:iron_golem":1,"minecraft:hoglin":3,"minecraft:sheep":1,"minecraft:zombie":17,"minecraft:breeze":2,"minecraft:blaze":19}},"DataVersion":3953}