{"stats":{"minecraft:killed_by":{"minecraft:player":1,"minecraft:piglin_brute":2,"minecraft:enderman":1,"minecraft:iron_golem":1,"minecraft:bogged":2,"minecraft:zombie":2},"minecraft:dropped":{"minecraft:stone_hoe":1,"minecraft:bread":60,"minecraft:soul_sand":1,"minecraft:glass_bottle":1,"minecraft:weeping_vines":1,"minecraft:iron_helmet":1,"minecraft:cobblestone":3,"minecraft:spectral_arrow":39,"minecraft:apple":1,"minecraft:coal":7,"minecraft:stick":4,"minecraft:mutton":1,"minecraft:crimson_roots":1,"minecraft:fire_charge":1,"minecraft:iron_leggings":1,"minecraft:dark_oak_planks":1,"minecraft:pink_petals":2,"minecraft:gold_ingot":152,"minecraft:bone":4,"minecraft:gravel":15,"minecraft:goat_horn":1,"minecraft:iron_nugget":161,"minecraft:cooked_chicken":1,"minecraft:golden_chestplate":1,"minecraft:twisting_vines":2,"minecraft:wheat":2,"minecraft:raw_iron":24,"minecraft:stone_shovel":2,"minecraft:rotten_flesh":7,"minecraft:iron_boots":1,"minecraft:nether_brick_fence":1,"minecraft:nether_bricks":4,"minecraft:poppy":1,"minecraft:trial_key":2,"minecraft:piglin_banner_pattern":1,"minecraft:iron_chestplate":1,"minecraft:arrow":6,"minecraft:wooden_pickaxe":2,"minecraft:stone_pickaxe":1},"minecraft:broken":{"minecraft:stone_sword":1,"minecraft:stone_axe":1},"minecraft:used":{"minecraft:stone_sword":137,"minecraft:flint_and_steel":2,"minecraft:shield":24,"minecraft:trial_key":7,"minecraft:cooked_chicken":1,"minecraft:stone_hoe":61,"minecraft:netherrack":99,"minecraft:soul_sand":22,"minecraft:dirt":5,"minecraft:obsidian":22,"minecraft:bricks":16,"minecraft:golden_carrot":2,"minecraft:bow":20,"minecraft:hay_block":1,"minecraft:scaffolding":11,"minecraft:goat_horn":14,"minecraft:cobbled_deepslate":41,"minecraft:golden_boots":1,"minecraft:chiseled_polished_blackstone":1,"minecraft:water_bucket":3,"minecraft:diorite":3,"minecraft:stone_pickaxe":62,"minecraft:blackstone":54,"minecraft:wooden_pickaxe":3,"minecraft:diamond_axe":266,"minecraft:polished_blackstone_bricks":1,"minecraft:golden_apple":1,"minecraft:crafting_table":7,"minecraft:diamond_pickaxe":309,"minecraft:black_wool":1,"minecraft:ominous_trial_key":2,"minecraft:mace":7,"minecraft:cracked_polished_blackstone_bricks":10,"minecraft:wind_charge":53,"minecraft:bread":94,"minecraft:iron_pickaxe":105,"minecraft:gravel":2,"minecraft:stone_axe":75,"minecraft:cobblestone":41,"minecraft:potion":2,"minecraft:porkchop":6,"minecraft:cooked_porkchop":1,"minecraft:bucket":3},"minecraft:custom":{"minecraft:mob_kills":120,"minecraft:interact_with_crafting_table":21,"minecraft:open_barrel":9,"minecraft:leave_game":2,"minecraft:time_since_death":3871,"minecraft:climb_one_cm":4621,"minecraft:sprint_one_cm":902955,"minecraft:walk_one_cm":240494,"minecraft:damage_blocked_by_shield":1825,"minecraft:drop":51,"minecraft:talked_to_villager":6,"minecraft:play_time":127564,"minecraft:sneak_time":22001,"minecraft:deaths":9,"minecraft:walk_under_water_one_cm":11195,"minecraft:jump":716,"minecraft:walk_on_water_one_cm":3334,"minecraft:total_world_time":127564,"minecraft:sleep_in_bed":2,"minecraft:time_since_rest":4261,"minecraft:damage_taken":7399,"minecraft:damage_absorbed":40,"minecraft:damage_dealt":22434,"minecraft:swim_one_cm":1834,"minecraft:player_kills":3,"minecraft:fly_one_cm":248398,"minecraft:open_chest":11,"minecraft:crouch_one_cm":57988,"minecraft:fall_one_cm":34968,"minecraft:inspect_dispenser":1},"minecraft:mined":{"minecraft:nether_gold_ore":18,"minecraft:deepslate_diamond_ore":12,"minecraft:obsidian":10,"minecraft:nether_bricks":5,"minecraft:chiseled_polished_blackstone":3,"minecraft:grass_block":2,"minecraft:decorated_pot":29,"minecraft:crimson_roots":3,"minecraft:cracked_polished_blackstone_bricks":10,"minecraft:weeping_vines":1,"minecraft:chiseled_tuff_bricks":2,"minecraft:red_mushroom":2,"minecraft:tuff_bricks":4,"minecraft:gilded_blackstone":2,"minecraft:hay_block":61,"minecraft:polished_blackstone_bricks":13,"minecraft:weeping_vines_plant":1,"minecraft:iron_ore":24,"minecraft:waxed_copper_grate":2,"minecraft:cobbled_deepslate":2,"minecraft:fire":28,"minecraft:oxidized_copper_trapdoor":1,"minecraft:gold_block":10,"minecraft:twisting_vines":2,"minecraft:sculk_shrieker":1,"minecraft:stone":67,"minecraft:scaffolding":9,"minecraft:blackstone":44,"minecraft:soul_sand":1,"minecraft:twisting_vines_plant":1,"minecraft:crimson_nylium":9,"minecraft:soul_fire":1,"minecraft:powder_snow":1,"minecraft:crafting_table":3,"minecraft:short_grass":11,"minecraft:tall_grass":2,"minecraft:sculk":19,"minecraft:diorite":9,"minecraft:pink_petals":1,"minecraft:light_gray_stained_glass":1,"minecraft:waxed_copper_block":4,"minecraft:coal_ore":1,"minecraft:gravel":2,"minecraft:dirt":3,"minecraft:netherrack":100,"minecraft:deepslate":54},"minecraft:picked_up":{"minecraft:crafting_table":3,"minecraft:iron_chestplate":1,"minecraft:wheat":4,"minecraft:nether_brick_fence":1,"minecraft:wooden_pickaxe":4,"minecraft:gold_block":10,"minecraft:potion":6,"minecraft:gilded_blackstone":1,"minecraft:shield":3,"minecraft:brick":146,"minecraft:wind_charge":95,"minecraft:string":79,"minecraft:flint_and_steel":6,"minecraft:iron_leggings":1,"minecraft:blackstone":95,"minecraft:shroomlight":3,"minecraft:gold_nugget":135,"minecraft:cobbled_deepslate":175,"minecraft:trial_key":15,"minecraft:iron_nugget":353,"minecraft:poppy":1,"minecraft:iron_pickaxe":5,"minecraft:iron_boots":1,"minecraft:tipped_arrow":50,"minecraft:stick":15,"minecraft:raw_iron":24,"minecraft:bamboo_hanging_sign":2,"minecraft:porkchop":6,"minecraft:fire_charge":1,"minecraft:polished_blackstone_bricks":51,"minecraft:diorite":3,"minecraft:golden_chestplate":3,"minecraft:goat_horn":6,"minecraft:dark_oak_planks":27,"minecraft:stone_sword":2,"minecraft:rotten_flesh":21,"minecraft:arrow":189,"minecraft:weeping_vines":3,"minecraft:honey_bottle":22,"minecraft:stone_shovel":5,"minecraft:decorated_pot":12,"minecraft:nether_bricks":4,"minecraft:hay_block":91,"minecraft:flow_armor_trim_smithing_template":1,"minecraft:gold_ingot":59,"minecraft:tuff_bricks":10,"minecraft:blaze_rod":5,"minecraft:obsidian":47,"minecraft:mutton":3,"minecraft:blaze_powder":30,"minecraft:cobblestone":55,"minecraft:pink_petals":4,"minecraft:golden_carrot":3,"minecraft:water_bucket":1,"minecraft:leather":62,"minecraft:dirt":5,"minecraft:twisting_vines":4,"minecraft:bone":80,"minecraft:apple":1,"minecraft:bow":1,"minecraft:wheat_seeds":1,"minecraft:iron_ingot":139,"minecraft:stone_pickaxe":6,"minecraft:cooked_chicken":2,"minecraft:stone_hoe":2,"minecraft:soul_sand":59,"minecraft:scaffolding":25,"minecraft:chiseled_polished_blackstone":6,"minecraft:heavy_core":1,"minecraft:gravel":20,"minecraft:spectral_arrow":195,"minecraft:diamond":47,"minecraft:stone_axe":2,"minecraft:cracked_polished_blackstone_bricks":20,"minecraft:iron_helmet":1,"minecraft:breeze_rod":10,"minecraft:diamond_axe":3,"minecraft:golden_apple":1,"minecraft:emerald":62,"minecraft:bread":274,"minecraft:netherrack":128,"minecraft:black_wool":1,"minecraft:ominous_trial_key":2,"minecraft:coal":9,"minecraft:crimson_roots":3,"minecraft:ender_pearl":2,"minecraft:diamond_pickaxe":4},"minecraft:crafted":{"minecraft:blaze_powder":10,"minecraft:wind_charge":36,"minecraft:mace":1,"minecraft:stone_pickaxe":1,"minecraft:bricks":16,"minecraft:dark_oak_planks":28,"minecraft:stone_hoe":1,"minecraft:wheat":540,"minecraft:golden_boots":1,"minecraft:crafting_table":4,"minecraft:wooden_pickaxe":1,"minecraft:stone_axe":1,"minecraft:bread":184,"minecraft:diamond_pickaxe":2,"minecraft:stick":16,"minecraft:iron_pickaxe":1,"minecraft:stone_sword":1,"minecraft:gold_ingot":98},"minecraft:killed":{"minecraft:armadillo":2,"minecraft:bogged":47,"minecraft:spider":2,"minecraft:skeleton":5,"minecraft:silverfish":4,"minecraft:camel":1,"minecraft:piglin":5,"minecraft:iron_golem":1,"minecraft:hoglin":3,"minecraft:sheep":1,"minecraft:zombie":19,"minecraft:breeze":8,"minecraft:blaze":19}},"DataVersion":3953}