{"stats":{"minecraft:killed_by":{"minecraft:zombie":1},"minecraft:dropped":{"minecraft:bread":35,"minecraft:raw_iron":24,"minecraft:rotten_flesh":1,"minecraft:poppy":1,"minecraft:pink_petals":2},"minecraft:used":{"minecraft:diorite":3,"minecraft:stone_sword":74,"minecraft:flint_and_steel":1,"minecraft:stone_pickaxe":57,"minecraft:wooden_pickaxe":3,"minecraft:stone_hoe":61,"minecraft:netherrack":11,"minecraft:dirt":5,"minecraft:crafting_table":4,"minecraft:obsidian":8,"minecraft:diamond_pickaxe":103,"minecraft:black_wool":1,"minecraft:bread":25,"minecraft:iron_pickaxe":102,"minecraft:stone_axe":1,"minecraft:cobblestone":40,"minecraft:hay_block":1,"minecraft:goat_horn":4},"minecraft:custom":{"minecraft:mob_kills":15,"minecraft:interact_with_crafting_table":17,"minecraft:time_since_death":34559,"minecraft:sleep_in_bed":2,"minecraft:climb_one_cm":102,"minecraft:time_since_rest":29323,"minecraft:sprint_one_cm":210107,"minecraft:damage_taken":1288,"minecraft:walk_one_cm":50954,"minecraft:drop":6,"minecraft:damage_dealt":3225,"minecraft:swim_one_cm":1150,"minecraft:fly_one_cm":145556,"minecraft:open_chest":1,"minecraft:crouch_one_cm":27785,"minecraft:play_time":41845,"minecraft:deaths":1,"minecraft:sneak_time":10647,"minecraft:walk_under_water_one_cm":995,"minecraft:jump":597,"minecraft:walk_on_water_one_cm":80,"minecraft:total_world_time":41845,"minecraft:fall_one_cm":24763},"minecraft:mined":{"minecraft:nether_gold_ore":6,"minecraft:deepslate_diamond_ore":12,"minecraft:crimson_nylium":5,"minecraft:powder_snow":1,"minecraft:obsidian":10,"minecraft:crafting_table":2,"minecraft:short_grass":11,"minecraft:grass_block":2,"minecraft:crimson_roots":2,"minecraft:weeping_vines":1,"minecraft:tall_grass":2,"minecraft:sculk":19,"minecraft:diorite":3,"minecraft:pink_petals":1,"minecraft:hay_block":61,"minecraft:iron_ore":24,"minecraft:sculk_shrieker":1,"minecraft:coal_ore":1,"minecraft:dirt":3,"minecraft:stone":51,"minecraft:netherrack":74,"minecraft:deepslate":40},"minecraft:picked_up":{"minecraft:pink_petals":4,"minecraft:crafting_table":2,"minecraft:wheat":1,"minecraft:wooden_pickaxe":1,"minecraft:string":4,"minecraft:dirt":5,"minecraft:flint_and_steel":1,"minecraft:bone":2,"minecraft:gold_nugget":22,"minecraft:cobbled_deepslate":39,"minecraft:iron_ingot":19,"minecraft:stone_pickaxe":1,"minecraft:poppy":1,"minecraft:stick":4,"minecraft:raw_iron":24,"minecraft:diorite":3,"minecraft:goat_horn":1,"minecraft:dark_oak_planks":17,"minecraft:arrow":2,"minecraft:weeping_vines":1,"minecraft:rotten_flesh":3,"minecraft:diamond":12,"minecraft:hay_block":61,"minecraft:bread":2,"minecraft:netherrack":77,"minecraft:black_wool":1,"minecraft:obsidian":10,"minecraft:mutton":1,"minecraft:coal":1,"minecraft:crimson_roots":1,"minecraft:cobblestone":51},"minecraft:crafted":{"minecraft:crafting_table":2,"minecraft:wooden_pickaxe":1,"minecraft:stone_axe":1,"minecraft:bread":139,"minecraft:diamond_pickaxe":1,"minecraft:stick":16,"minecraft:iron_pickaxe":1,"minecraft:stone_pickaxe":1,"minecraft:stone_sword":1,"minecraft:gold_ingot":1,"minecraft:dark_oak_planks":28,"minecraft:stone_hoe":1,"minecraft:wheat":405},"minecraft:killed":{"minecraft:piglin":1,"minecraft:spider":2,"minecraft:iron_golem":1,"minecraft:skeleton":4,"minecraft:sheep":1,"minecraft:zombie":4}},"DataVersion":3953}