{"stats":{"minecraft:killed_by":{"minecraft:zombie":1},"minecraft:dropped":{"minecraft:bread":35,"minecraft:rotten_flesh":1,"minecraft:poppy":1,"minecraft:pink_petals":2},"minecraft:used":{"minecraft:diorite":3,"minecraft:stone_sword":62,"minecraft:stone_pickaxe":57,"minecraft:wooden_pickaxe":3,"minecraft:stone_hoe":61,"minecraft:dirt":5,"minecraft:crafting_table":4,"minecraft:black_wool":1,"minecraft:bread":16,"minecraft:iron_pickaxe":100,"minecraft:stone_axe":1,"minecraft:cobblestone":32,"minecraft:goat_horn":4},"minecraft:mined":{"minecraft:deepslate_diamond_ore":12,"minecraft:powder_snow":1,"minecraft:crafting_table":2,"minecraft:short_grass":11,"minecraft:grass_block":2,"minecraft:tall_grass":2,"minecraft:sculk":19,"minecraft:diorite":3,"minecraft:pink_petals":1,"minecraft:hay_block":61,"minecraft:iron_ore":24,"minecraft:sculk_shrieker":1,"minecraft:coal_ore":1,"minecraft:dirt":3,"minecraft:stone":51,"minecraft:deepslate":30},"minecraft:custom":{"minecraft:mob_kills":12,"minecraft:interact_with_crafting_table":16,"minecraft:time_since_death":22559,"minecraft:sleep_in_bed":2,"minecraft:time_since_rest":17323,"minecraft:sprint_one_cm":122842,"minecraft:damage_taken":893,"minecraft:walk_one_cm":38904,"minecraft:drop":5,"minecraft:damage_dealt":2812,"minecraft:swim_one_cm":1150,"minecraft:fly_one_cm":145236,"minecraft:open_chest":1,"minecraft:crouch_one_cm":17834,"minecraft:play_time":29845,"minecraft:deaths":1,"minecraft:sneak_time":6060,"minecraft:walk_under_water_one_cm":995,"minecraft:jump":597,"minecraft:walk_on_water_one_cm":80,"minecraft:total_world_time":29845,"minecraft:fall_one_cm":24763},"minecraft:picked_up":{"minecraft:pink_petals":4,"minecraft:crafting_table":2,"minecraft:wheat":1,"minecraft:wooden_pickaxe":1,"minecraft:string":4,"minecraft:dirt":5,"minecraft:bone":2,"minecraft:cobbled_deepslate":30,"minecraft:iron_ingot":3,"minecraft:stone_pickaxe":1,"minecraft:poppy":1,"minecraft:stick":4,"minecraft:raw_iron":24,"minecraft:diorite":3,"minecraft:goat_horn":1,"minecraft:dark_oak_planks":17,"minecraft:arrow":2,"minecraft:rotten_flesh":3,"minecraft:diamond":12,"minecraft:hay_block":61,"minecraft:bread":2,"minecraft:black_wool":1,"minecraft:mutton":1,"minecraft:coal":1,"minecraft:cobblestone":51},"minecraft:crafted":{"minecraft:crafting_table":2,"minecraft:wooden_pickaxe":1,"minecraft:stone_axe":1,"minecraft:bread":139,"minecraft:diamond_pickaxe":1,"minecraft:stick":16,"minecraft:iron_pickaxe":1,"minecraft:stone_pickaxe":1,"minecraft:stone_sword":1,"minecraft:dark_oak_planks":28,"minecraft:stone_hoe":1,"minecraft:wheat":405},"minecraft:killed":{"minecraft:spider":2,"minecraft:iron_golem":1,"minecraft:skeleton":4,"minecraft:sheep":1,"minecraft:zombie":4}},"DataVersion":3953}