{"stats":{"minecraft:killed_by":{"minecraft:piglin_brute":2,"minecraft:zombie":1,"minecraft:enderman":1},"minecraft:dropped":{"minecraft:gravel":15,"minecraft:bread":35,"minecraft:iron_nugget":33,"minecraft:wheat":2,"minecraft:raw_iron":24,"minecraft:rotten_flesh":1,"minecraft:poppy":1,"minecraft:mutton":1,"minecraft:fire_charge":1,"minecraft:pink_petals":2,"minecraft:gold_ingot":152},"minecraft:broken":{"minecraft:stone_sword":1},"minecraft:used":{"minecraft:golden_boots":1,"minecraft:chiseled_polished_blackstone":1,"minecraft:diorite":3,"minecraft:stone_sword":137,"minecraft:flint_and_steel":1,"minecraft:stone_pickaxe":58,"minecraft:blackstone":51,"minecraft:wooden_pickaxe":3,"minecraft:stone_hoe":61,"minecraft:polished_blackstone_bricks":1,"minecraft:netherrack":97,"minecraft:dirt":5,"minecraft:crafting_table":7,"minecraft:obsidian":8,"minecraft:diamond_pickaxe":232,"minecraft:black_wool":1,"minecraft:cracked_polished_blackstone_bricks":10,"minecraft:bread":52,"minecraft:iron_pickaxe":105,"minecraft:stone_axe":57,"minecraft:potion":1,"minecraft:cobblestone":41,"minecraft:hay_block":1,"minecraft:porkchop":6,"minecraft:cooked_porkchop":1,"minecraft:goat_horn":9,"minecraft:cobbled_deepslate":41},"minecraft:custom":{"minecraft:mob_kills":40,"minecraft:interact_with_crafting_table":21,"minecraft:time_since_death":17451,"minecraft:sleep_in_bed":2,"minecraft:climb_one_cm":116,"minecraft:time_since_rest":17489,"minecraft:sprint_one_cm":558117,"minecraft:damage_taken":3463,"minecraft:walk_one_cm":110211,"minecraft:drop":15,"minecraft:damage_dealt":8509,"minecraft:talked_to_villager":6,"minecraft:swim_one_cm":1150,"minecraft:fly_one_cm":147123,"minecraft:open_chest":4,"minecraft:crouch_one_cm":48551,"minecraft:play_time":77845,"minecraft:deaths":4,"minecraft:sneak_time":17770,"minecraft:walk_under_water_one_cm":995,"minecraft:jump":597,"minecraft:walk_on_water_one_cm":80,"minecraft:total_world_time":77845,"minecraft:fall_one_cm":24763},"minecraft:mined":{"minecraft:nether_gold_ore":18,"minecraft:blackstone":44,"minecraft:deepslate_diamond_ore":12,"minecraft:twisting_vines_plant":1,"minecraft:crimson_nylium":9,"minecraft:soul_fire":1,"minecraft:powder_snow":1,"minecraft:obsidian":10,"minecraft:crafting_table":3,"minecraft:chiseled_polished_blackstone":3,"minecraft:short_grass":11,"minecraft:grass_block":2,"minecraft:crimson_roots":3,"minecraft:cracked_polished_blackstone_bricks":10,"minecraft:weeping_vines":1,"minecraft:tall_grass":2,"minecraft:sculk":19,"minecraft:diorite":3,"minecraft:gilded_blackstone":2,"minecraft:pink_petals":1,"minecraft:hay_block":61,"minecraft:polished_blackstone_bricks":13,"minecraft:weeping_vines_plant":1,"minecraft:cobbled_deepslate":2,"minecraft:iron_ore":24,"minecraft:fire":27,"minecraft:gold_block":10,"minecraft:twisting_vines":2,"minecraft:sculk_shrieker":1,"minecraft:coal_ore":1,"minecraft:dirt":3,"minecraft:stone":51,"minecraft:netherrack":100,"minecraft:deepslate":40},"minecraft:picked_up":{"minecraft:pink_petals":4,"minecraft:crafting_table":3,"minecraft:wheat":4,"minecraft:nether_brick_fence":1,"minecraft:leather":14,"minecraft:wooden_pickaxe":3,"minecraft:gold_block":10,"minecraft:potion":2,"minecraft:gilded_blackstone":1,"minecraft:string":34,"minecraft:dirt":5,"minecraft:flint_and_steel":3,"minecraft:twisting_vines":4,"minecraft:bone":10,"minecraft:blackstone":95,"minecraft:shroomlight":2,"minecraft:gold_nugget":135,"minecraft:cobbled_deepslate":119,"minecraft:iron_ingot":51,"minecraft:stone_pickaxe":3,"minecraft:iron_nugget":33,"minecraft:poppy":1,"minecraft:iron_pickaxe":2,"minecraft:soul_sand":28,"minecraft:stone_hoe":2,"minecraft:stick":8,"minecraft:raw_iron":24,"minecraft:chiseled_polished_blackstone":3,"minecraft:porkchop":6,"minecraft:fire_charge":1,"minecraft:gravel":15,"minecraft:polished_blackstone_bricks":15,"minecraft:diorite":3,"minecraft:goat_horn":3,"minecraft:dark_oak_planks":27,"minecraft:stone_sword":2,"minecraft:arrow":8,"minecraft:weeping_vines":3,"minecraft:rotten_flesh":3,"minecraft:diamond":27,"minecraft:stone_axe":2,"minecraft:cracked_polished_blackstone_bricks":20,"minecraft:hay_block":91,"minecraft:blaze_rod":5,"minecraft:gold_ingot":59,"minecraft:bread":56,"minecraft:netherrack":128,"minecraft:black_wool":1,"minecraft:obsidian":16,"minecraft:mutton":3,"minecraft:coal":3,"minecraft:crimson_roots":3,"minecraft:cobblestone":52,"minecraft:diamond_pickaxe":1},"minecraft:crafted":{"minecraft:crafting_table":4,"minecraft:blaze_powder":10,"minecraft:wooden_pickaxe":1,"minecraft:stone_axe":1,"minecraft:bread":184,"minecraft:diamond_pickaxe":2,"minecraft:stick":16,"minecraft:iron_pickaxe":1,"minecraft:stone_pickaxe":1,"minecraft:stone_sword":1,"minecraft:gold_ingot":98,"minecraft:dark_oak_planks":28,"minecraft:stone_hoe":1,"minecraft:golden_boots":1,"minecraft:wheat":540},"minecraft:killed":{"minecraft:piglin":5,"minecraft:spider":2,"minecraft:iron_golem":1,"minecraft:hoglin":3,"minecraft:skeleton":5,"minecraft:sheep":1,"minecraft:zombie":4,"minecraft:blaze":17}},"DataVersion":3953}